<?xml version="1.0" encoding="UTF-8"?>
<configuration>

	<appender name="API_LOGGER"
		class="ch.qos.logback.core.rolling.RollingFileAppender">
		<rollingPolicy
			class="ch.qos.logback.core.rolling.TimeBasedRollingPolicy">
			<!-- daily rollover -->
			<fileNamePattern>logs/%d{yyyy/MM/dd}/mcdata_api.log
			</fileNamePattern>
			<maxHistory>1000</maxHistory>
		</rollingPolicy>

		<encoder>
			<pattern>%d{yyyy/MM/dd HH:mm:ss} %class %method [%thread][%level]:
				%msg%n</pattern>
		</encoder>
	</appender>

	<appender name="STDOUT"
		class="ch.qos.logback.core.ConsoleAppender">
		<encoder
			class="ch.qos.logback.classic.encoder.PatternLayoutEncoder">
			<pattern>%d{yyyy/MM/dd HH:mm:ss} %class %method [%thread][%level]:
				%msg%n</pattern>
		</encoder>
	</appender>

	<logger name="api_logger" level="DEBUG">
		<appender-ref ref="API_LOGGER" />
		<appender-ref ref="STDOUT" />
	</logger>
</configuration>